_id,user,sequence
ObjectId(575d73d01e838700114d5e53),ObjectId(575e5dc96b1ea9000a05669b),"[{""$oid"":""575c15557fac120005687452""},{""$oid"":""575c15557fac12000568745d""},{""$oid"":""575c6666cb4d3f00055cca43""},{""$oid"":""575c15557fac12000568745b""},{""$oid"":""575c15557fac12000568745c""},{""$oid"":""575c15557fac120005687458""}]"
ObjectId(575d73d01e838700114d5e54),ObjectId(575e82066fabee000ae46bf6),"[{""$oid"":""575c15557fac12000568746e""},{""$oid"":""575c15557fac12000568744e""},{""$oid"":""575c15557fac12000568745e""},{""$oid"":""575c15557fac12000568744f""},{""$oid"":""575c15557fac120005687459""},{""$oid"":""575c15557fac120005687466""}]"
ObjectId(575d73d01e838700114d5e55),ObjectId(575e88a95509f20009842e22),"[{""$oid"":""575c15557fac12000568746c""},{""$oid"":""575c15557fac120005687457""},{""$oid"":""575c15557fac12000568746a""},{""$oid"":""575c15557fac12000568746f""},{""$oid"":""575c15547fac12000568744b""},{""$oid"":""575c15557fac12000568745a""}]"
ObjectId(575d73d01e838700114d5e56),ObjectId(575e95025509f20009842e27),"[{""$oid"":""575c15557fac12000568747b""},{""$oid"":""575c15557fac120005687462""},{""$oid"":""575c15557fac120005687470""},{""$oid"":""575c15557fac12000568747a""},{""$oid"":""575c15557fac120005687451""},{""$oid"":""575c15557fac12000568746d""}]"
ObjectId(575d73d01e838700114d5e57),ObjectId(575e95065509f2000a171373),"[{""$oid"":""575c15547fac12000568744c""},{""$oid"":""575c15557fac120005687477""},{""$oid"":""575c15557fac120005687479""},{""$oid"":""575c15557fac120005687463""},{""$oid"":""575c6666cb4d3f00055cca42""},{""$oid"":""575c15557fac12000568747c""}]"
ObjectId(575d73e51e838700114d5e58),ObjectId(575e95065509f20009842e28),"[{""$oid"":""575c15557fac120005687461""},{""$oid"":""575c15557fac120005687464""},{""$oid"":""575c15557fac120005687450""},{""$oid"":""575c15557fac120005687475""},{""$oid"":""575c15557fac120005687468""},{""$oid"":""575c15557fac120005687476""}]"
ObjectId(575d73e51e838700114d5e59),ObjectId(575e95065509f2000a171374),"[{""$oid"":""575c15557fac120005687474""},{""$oid"":""575c15557fac12000568745f""},{""$oid"":""575c15557fac120005687472""},{""$oid"":""575c15557fac120005687467""},{""$oid"":""575c15557fac120005687460""},{""$oid"":""575c15557fac120005687454""}]"
ObjectId(575d73e51e838700114d5e5a),ObjectId(575e950c5509f2000a171375),"[{""$oid"":""575c15557fac12000568746b""},{""$oid"":""575c15557fac120005687469""},{""$oid"":""575c15557fac12000568744d""},{""$oid"":""575c15557fac120005687465""},{""$oid"":""575c15557fac120005687471""},{""$oid"":""575c15557fac120005687473""}]"
ObjectId(575d73e51e838700114d5e5b),ObjectId(575e95125509f2000a171376),"[{""$oid"":""575c15557fac120005687453""},{""$oid"":""575c15557fac120005687478""},{""$oid"":""575c15557fac120005687452""},{""$oid"":""575c15557fac12000568745d""},{""$oid"":""575c6666cb4d3f00055cca43""},{""$oid"":""575c15557fac12000568745b""}]"
ObjectId(575d73e51e838700114d5e5c),ObjectId(575e95135509f2000a171377),"[{""$oid"":""575c15557fac12000568745c""},{""$oid"":""575c15557fac120005687458""},{""$oid"":""575c15557fac12000568746e""},{""$oid"":""575c15557fac12000568744e""},{""$oid"":""575c15557fac12000568745e""},{""$oid"":""575c15557fac12000568744f""}]"
ObjectId(575d73e51e838700114d5e5d),ObjectId(575e95155509f20009842e29),"[{""$oid"":""575c15557fac120005687459""},{""$oid"":""575c15557fac120005687466""},{""$oid"":""575c15557fac12000568746c""},{""$oid"":""575c15557fac120005687457""},{""$oid"":""575c15557fac12000568746a""},{""$oid"":""575c15557fac12000568746f""}]"
ObjectId(575d73e51e838700114d5e5e),ObjectId(575e95165509f2000a171378),"[{""$oid"":""575c15547fac12000568744b""},{""$oid"":""575c15557fac12000568745a""},{""$oid"":""575c15557fac12000568747b""},{""$oid"":""575c15557fac120005687462""},{""$oid"":""575c15557fac120005687470""},{""$oid"":""575c15557fac12000568747a""}]"
ObjectId(575d73e51e838700114d5e5f),ObjectId(575e951a5509f20009842e2a),"[{""$oid"":""575c15557fac120005687451""},{""$oid"":""575c15557fac12000568746d""},{""$oid"":""575c15547fac12000568744c""},{""$oid"":""575c15557fac120005687477""},{""$oid"":""575c15557fac120005687479""},{""$oid"":""575c15557fac120005687463""}]"
ObjectId(575d73e61e838700114d5e60),ObjectId(575e951c5509f2000a171379),"[{""$oid"":""575c6666cb4d3f00055cca42""},{""$oid"":""575c15557fac12000568747c""},{""$oid"":""575c15557fac120005687461""},{""$oid"":""575c15557fac120005687464""},{""$oid"":""575c15557fac120005687450""},{""$oid"":""575c15557fac120005687475""}]"
ObjectId(575d73e61e838700114d5e61),ObjectId(575e951c5509f20009842e2b),"[{""$oid"":""575c15557fac120005687468""},{""$oid"":""575c15557fac120005687476""},{""$oid"":""575c15557fac120005687474""},{""$oid"":""575c15557fac12000568745f""},{""$oid"":""575c15557fac120005687472""},{""$oid"":""575c15557fac120005687467""}]"
ObjectId(575d73e61e838700114d5e62),ObjectId(575e951e5509f20009842e2c),"[{""$oid"":""575c15557fac120005687460""},{""$oid"":""575c15557fac120005687454""},{""$oid"":""575c15557fac12000568746b""},{""$oid"":""575c15557fac120005687469""},{""$oid"":""575c15557fac12000568744d""},{""$oid"":""575c15557fac120005687465""}]"
ObjectId(575d73ea1e838700114d5e63),ObjectId(575e951e5509f2000a17137a),"[{""$oid"":""575c15557fac120005687471""},{""$oid"":""575c15557fac120005687473""},{""$oid"":""575c15557fac120005687453""},{""$oid"":""575c15557fac120005687478""},{""$oid"":""575c15557fac120005687452""},{""$oid"":""575c15557fac12000568745d""}]"
ObjectId(575d73eb1e838700114d5e64),ObjectId(575e951e5509f2000a17137b),"[{""$oid"":""575c6666cb4d3f00055cca43""},{""$oid"":""575c15557fac12000568745b""},{""$oid"":""575c15557fac12000568745c""},{""$oid"":""575c15557fac120005687458""},{""$oid"":""575c15557fac12000568746e""},{""$oid"":""575c15557fac12000568744e""}]"
ObjectId(575d73eb1e838700114d5e65),ObjectId(575e95215509f20009842e2d),"[{""$oid"":""575c15557fac12000568745e""},{""$oid"":""575c15557fac12000568744f""},{""$oid"":""575c15557fac120005687459""},{""$oid"":""575c15557fac120005687466""},{""$oid"":""575c15557fac12000568746c""},{""$oid"":""575c15557fac120005687457""}]"
ObjectId(575d73eb1e838700114d5e66),ObjectId(575e95215509f2000a17137c),"[{""$oid"":""575c15557fac12000568746a""},{""$oid"":""575c15557fac12000568746f""},{""$oid"":""575c15547fac12000568744b""},{""$oid"":""575c15557fac12000568745a""},{""$oid"":""575c15557fac12000568747b""},{""$oid"":""575c15557fac120005687462""}]"
ObjectId(575d73eb1e838700114d5e67),ObjectId(575e95315509f2000a17137d),"[{""$oid"":""575c15557fac120005687470""},{""$oid"":""575c15557fac12000568747a""},{""$oid"":""575c15557fac120005687451""},{""$oid"":""575c15557fac12000568746d""},{""$oid"":""575c15547fac12000568744c""},{""$oid"":""575c15557fac120005687477""}]"
ObjectId(575d73eb1e838700114d5e68),ObjectId(575e95345509f20009842e2e),"[{""$oid"":""575c15557fac120005687479""},{""$oid"":""575c15557fac120005687463""},{""$oid"":""575c6666cb4d3f00055cca42""},{""$oid"":""575c15557fac12000568747c""},{""$oid"":""575c15557fac120005687461""},{""$oid"":""575c15557fac120005687464""}]"
ObjectId(575d73eb1e838700114d5e69),ObjectId(575e953c5509f2000a17137e),"[{""$oid"":""575c15557fac120005687450""},{""$oid"":""575c15557fac120005687475""},{""$oid"":""575c15557fac120005687468""},{""$oid"":""575c15557fac120005687476""},{""$oid"":""575c15557fac120005687474""},{""$oid"":""575c15557fac12000568745f""}]"
ObjectId(575d73eb1e838700114d5e6a),ObjectId(576266c661c1d7000a310a0e),"[{""$oid"":""575c15557fac120005687472""},{""$oid"":""575c15557fac120005687467""},{""$oid"":""575c15557fac120005687460""},{""$oid"":""575c15557fac120005687454""},{""$oid"":""575c15557fac12000568746b""},{""$oid"":""575c15557fac120005687469""}]"
ObjectId(575d73eb1e838700114d5e6b),ObjectId(5762676361c1d7000a310a0f),"[{""$oid"":""575c15557fac12000568744d""},{""$oid"":""575c15557fac120005687465""},{""$oid"":""575c15557fac120005687471""},{""$oid"":""575c15557fac120005687473""},{""$oid"":""575c15557fac120005687453""},{""$oid"":""575c15557fac120005687478""}]"
ObjectId(575d73ec1e838700114d5e6c),ObjectId(576aea8ad83494000abc2238),"[{""$oid"":""575c15557fac120005687452""},{""$oid"":""575c15557fac12000568745d""},{""$oid"":""575c6666cb4d3f00055cca43""},{""$oid"":""575c15557fac12000568745b""},{""$oid"":""575c15557fac12000568745c""},{""$oid"":""575c15557fac120005687458""}]"
ObjectId(575d73ec1e838700114d5e6d),ObjectId(576af2fb98fd9b0009c86fd0),"[{""$oid"":""575c15557fac12000568746e""},{""$oid"":""575c15557fac12000568744e""},{""$oid"":""575c15557fac12000568745e""},{""$oid"":""575c15557fac12000568744f""},{""$oid"":""575c15557fac120005687459""},{""$oid"":""575c15557fac120005687466""}]"
ObjectId(575d73f01e838700114d5e6e),ObjectId(576af4d629ea0b000a52f476),"[{""$oid"":""575c15557fac12000568746c""},{""$oid"":""575c15557fac120005687457""},{""$oid"":""575c15557fac12000568746a""},{""$oid"":""575c15557fac12000568746f""},{""$oid"":""575c15547fac12000568744b""},{""$oid"":""575c15557fac12000568745a""}]"
ObjectId(575d73f01e838700114d5e6f),ObjectId(576af71e29ea0b00094e2c85),"[{""$oid"":""575c15557fac12000568747b""},{""$oid"":""575c15557fac120005687462""},{""$oid"":""575c15557fac120005687470""},{""$oid"":""575c15557fac12000568747a""},{""$oid"":""575c15557fac120005687451""},{""$oid"":""575c15557fac12000568746d""}]"
ObjectId(575d73f01e838700114d5e70),"","[{""$oid"":""575c15547fac12000568744c""},{""$oid"":""575c15557fac120005687477""},{""$oid"":""575c15557fac120005687479""},{""$oid"":""575c15557fac120005687463""},{""$oid"":""575c6666cb4d3f00055cca42""},{""$oid"":""575c15557fac12000568747c""}]"
ObjectId(575d73f01e838700114d5e71),"","[{""$oid"":""575c15557fac120005687461""},{""$oid"":""575c15557fac120005687464""},{""$oid"":""575c15557fac120005687450""},{""$oid"":""575c15557fac120005687475""},{""$oid"":""575c15557fac120005687468""},{""$oid"":""575c15557fac120005687476""}]"
ObjectId(575d73f01e838700114d5e72),"","[{""$oid"":""575c15557fac120005687474""},{""$oid"":""575c15557fac12000568745f""},{""$oid"":""575c15557fac120005687472""},{""$oid"":""575c15557fac120005687467""},{""$oid"":""575c15557fac120005687460""},{""$oid"":""575c15557fac120005687454""}]"
ObjectId(575d73f01e838700114d5e73),"","[{""$oid"":""575c15557fac12000568746b""},{""$oid"":""575c15557fac120005687469""},{""$oid"":""575c15557fac12000568744d""},{""$oid"":""575c15557fac120005687465""},{""$oid"":""575c15557fac120005687471""},{""$oid"":""575c15557fac120005687473""}]"
ObjectId(575d73f11e838700114d5e74),"","[{""$oid"":""575c15557fac120005687453""},{""$oid"":""575c15557fac120005687478""},{""$oid"":""575c15557fac120005687452""},{""$oid"":""575c15557fac12000568745d""},{""$oid"":""575c6666cb4d3f00055cca43""},{""$oid"":""575c15557fac12000568745b""}]"
ObjectId(575d73f11e838700114d5e75),"","[{""$oid"":""575c15557fac12000568745c""},{""$oid"":""575c15557fac120005687458""},{""$oid"":""575c15557fac12000568746e""},{""$oid"":""575c15557fac12000568744e""},{""$oid"":""575c15557fac12000568745e""},{""$oid"":""575c15557fac12000568744f""}]"
ObjectId(575d73f11e838700114d5e76),"","[{""$oid"":""575c15557fac120005687459""},{""$oid"":""575c15557fac120005687466""},{""$oid"":""575c15557fac12000568746c""},{""$oid"":""575c15557fac120005687457""},{""$oid"":""575c15557fac12000568746a""},{""$oid"":""575c15557fac12000568746f""}]"
ObjectId(575d73f11e838700114d5e77),"","[{""$oid"":""575c15547fac12000568744b""},{""$oid"":""575c15557fac12000568745a""},{""$oid"":""575c15557fac12000568747b""},{""$oid"":""575c15557fac120005687462""},{""$oid"":""575c15557fac120005687470""},{""$oid"":""575c15557fac12000568747a""}]"
ObjectId(575d73f11e838700114d5e78),"","[{""$oid"":""575c15557fac120005687451""},{""$oid"":""575c15557fac12000568746d""},{""$oid"":""575c15547fac12000568744c""},{""$oid"":""575c15557fac120005687477""},{""$oid"":""575c15557fac120005687479""},{""$oid"":""575c15557fac120005687463""}]"
ObjectId(575d73f11e838700114d5e79),"","[{""$oid"":""575c6666cb4d3f00055cca42""},{""$oid"":""575c15557fac12000568747c""},{""$oid"":""575c15557fac120005687461""},{""$oid"":""575c15557fac120005687464""},{""$oid"":""575c15557fac120005687450""},{""$oid"":""575c15557fac120005687475""}]"
ObjectId(575d73f11e838700114d5e7a),"","[{""$oid"":""575c15557fac120005687468""},{""$oid"":""575c15557fac120005687476""},{""$oid"":""575c15557fac120005687474""},{""$oid"":""575c15557fac12000568745f""},{""$oid"":""575c15557fac120005687472""},{""$oid"":""575c15557fac120005687467""}]"
ObjectId(575d73f11e838700114d5e7b),"","[{""$oid"":""575c15557fac120005687460""},{""$oid"":""575c15557fac120005687454""},{""$oid"":""575c15557fac12000568746b""},{""$oid"":""575c15557fac120005687469""},{""$oid"":""575c15557fac12000568744d""},{""$oid"":""575c15557fac120005687465""}]"
ObjectId(575d73f11e838700114d5e7c),"","[{""$oid"":""575c15557fac120005687471""},{""$oid"":""575c15557fac120005687473""},{""$oid"":""575c15557fac120005687453""},{""$oid"":""575c15557fac120005687478""},{""$oid"":""575c15557fac120005687452""},{""$oid"":""575c15557fac12000568745d""}]"
ObjectId(575d73f11e838700114d5e7d),"","[{""$oid"":""575c6666cb4d3f00055cca43""},{""$oid"":""575c15557fac12000568745b""},{""$oid"":""575c15557fac12000568745c""},{""$oid"":""575c15557fac120005687458""},{""$oid"":""575c15557fac12000568746e""},{""$oid"":""575c15557fac12000568744e""}]"
ObjectId(575d73f11e838700114d5e7e),"","[{""$oid"":""575c15557fac12000568745e""},{""$oid"":""575c15557fac12000568744f""},{""$oid"":""575c15557fac120005687459""},{""$oid"":""575c15557fac120005687466""},{""$oid"":""575c15557fac12000568746c""},{""$oid"":""575c15557fac120005687457""}]"
ObjectId(575d73f61e838700114d5e7f),"","[{""$oid"":""575c15557fac12000568746a""},{""$oid"":""575c15557fac12000568746f""},{""$oid"":""575c15547fac12000568744b""},{""$oid"":""575c15557fac12000568745a""},{""$oid"":""575c15557fac12000568747b""},{""$oid"":""575c15557fac120005687462""}]"
ObjectId(575d73f61e838700114d5e80),"","[{""$oid"":""575c15557fac120005687470""},{""$oid"":""575c15557fac12000568747a""},{""$oid"":""575c15557fac120005687451""},{""$oid"":""575c15557fac12000568746d""},{""$oid"":""575c15547fac12000568744c""},{""$oid"":""575c15557fac120005687477""}]"
ObjectId(575d73f61e838700114d5e81),"","[{""$oid"":""575c15557fac120005687479""},{""$oid"":""575c15557fac120005687463""},{""$oid"":""575c6666cb4d3f00055cca42""},{""$oid"":""575c15557fac12000568747c""},{""$oid"":""575c15557fac120005687461""},{""$oid"":""575c15557fac120005687464""}]"
ObjectId(575d73f61e838700114d5e82),"","[{""$oid"":""575c15557fac120005687450""},{""$oid"":""575c15557fac120005687475""},{""$oid"":""575c15557fac120005687468""},{""$oid"":""575c15557fac120005687476""},{""$oid"":""575c15557fac120005687474""},{""$oid"":""575c15557fac12000568745f""}]"
ObjectId(575d73f61e838700114d5e83),"","[{""$oid"":""575c15557fac120005687472""},{""$oid"":""575c15557fac120005687467""},{""$oid"":""575c15557fac120005687460""},{""$oid"":""575c15557fac120005687454""},{""$oid"":""575c15557fac12000568746b""},{""$oid"":""575c15557fac120005687469""}]"
ObjectId(575d73f61e838700114d5e84),"","[{""$oid"":""575c15557fac12000568744d""},{""$oid"":""575c15557fac120005687465""},{""$oid"":""575c15557fac120005687471""},{""$oid"":""575c15557fac120005687473""},{""$oid"":""575c15557fac120005687453""},{""$oid"":""575c15557fac120005687478""}]"
ObjectId(575d73f61e838700114d5e85),"","[{""$oid"":""575c15557fac120005687452""},{""$oid"":""575c15557fac12000568745d""},{""$oid"":""575c6666cb4d3f00055cca43""},{""$oid"":""575c15557fac12000568745b""},{""$oid"":""575c15557fac12000568745c""},{""$oid"":""575c15557fac120005687458""}]"
ObjectId(575d73f61e838700114d5e86),"","[{""$oid"":""575c15557fac12000568746e""},{""$oid"":""575c15557fac12000568744e""},{""$oid"":""575c15557fac12000568745e""},{""$oid"":""575c15557fac12000568744f""},{""$oid"":""575c15557fac120005687459""},{""$oid"":""575c15557fac120005687466""}]"
ObjectId(575d73f61e838700114d5e87),"","[{""$oid"":""575c15557fac12000568746c""},{""$oid"":""575c15557fac120005687457""},{""$oid"":""575c15557fac12000568746a""},{""$oid"":""575c15557fac12000568746f""},{""$oid"":""575c15547fac12000568744b""},{""$oid"":""575c15557fac12000568745a""}]"
ObjectId(575d73f61e838700114d5e88),"","[{""$oid"":""575c15557fac12000568747b""},{""$oid"":""575c15557fac120005687462""},{""$oid"":""575c15557fac120005687470""},{""$oid"":""575c15557fac12000568747a""},{""$oid"":""575c15557fac120005687451""},{""$oid"":""575c15557fac12000568746d""}]"
ObjectId(575d73f61e838700114d5e89),"","[{""$oid"":""575c15547fac12000568744c""},{""$oid"":""575c15557fac120005687477""},{""$oid"":""575c15557fac120005687479""},{""$oid"":""575c15557fac120005687463""},{""$oid"":""575c6666cb4d3f00055cca42""},{""$oid"":""575c15557fac12000568747c""}]"
ObjectId(575d73f61e838700114d5e8a),"","[{""$oid"":""575c15557fac120005687461""},{""$oid"":""575c15557fac120005687464""},{""$oid"":""575c15557fac120005687450""},{""$oid"":""575c15557fac120005687475""},{""$oid"":""575c15557fac120005687468""},{""$oid"":""575c15557fac120005687476""}]"
ObjectId(575d73f71e838700114d5e8b),"","[{""$oid"":""575c15557fac120005687474""},{""$oid"":""575c15557fac12000568745f""},{""$oid"":""575c15557fac120005687472""},{""$oid"":""575c15557fac120005687467""},{""$oid"":""575c15557fac120005687460""},{""$oid"":""575c15557fac120005687454""}]"
ObjectId(575d73f71e838700114d5e8c),"","[{""$oid"":""575c15557fac12000568746b""},{""$oid"":""575c15557fac120005687469""},{""$oid"":""575c15557fac12000568744d""},{""$oid"":""575c15557fac120005687465""},{""$oid"":""575c15557fac120005687471""},{""$oid"":""575c15557fac120005687473""}]"
ObjectId(575d73f71e838700114d5e8d),"","[{""$oid"":""575c15557fac120005687453""},{""$oid"":""575c15557fac120005687478""},{""$oid"":""575c15557fac120005687452""},{""$oid"":""575c15557fac12000568745d""},{""$oid"":""575c6666cb4d3f00055cca43""},{""$oid"":""575c15557fac12000568745b""}]"
ObjectId(575d73f71e838700114d5e8e),"","[{""$oid"":""575c15557fac12000568745c""},{""$oid"":""575c15557fac120005687458""},{""$oid"":""575c15557fac12000568746e""},{""$oid"":""575c15557fac12000568744e""},{""$oid"":""575c15557fac12000568745e""},{""$oid"":""575c15557fac12000568744f""}]"
ObjectId(575d73f71e838700114d5e8f),"","[{""$oid"":""575c15557fac120005687459""},{""$oid"":""575c15557fac120005687466""},{""$oid"":""575c15557fac12000568746c""},{""$oid"":""575c15557fac120005687457""},{""$oid"":""575c15557fac12000568746a""},{""$oid"":""575c15557fac12000568746f""}]"
ObjectId(575d73f71e838700114d5e90),"","[{""$oid"":""575c15547fac12000568744b""},{""$oid"":""575c15557fac12000568745a""},{""$oid"":""575c15557fac12000568747b""},{""$oid"":""575c15557fac120005687462""},{""$oid"":""575c15557fac120005687470""},{""$oid"":""575c15557fac12000568747a""}]"
ObjectId(575d73fc1e838700114d5e91),"","[{""$oid"":""575c15557fac120005687451""},{""$oid"":""575c15557fac12000568746d""},{""$oid"":""575c15547fac12000568744c""},{""$oid"":""575c15557fac120005687477""},{""$oid"":""575c15557fac120005687479""},{""$oid"":""575c15557fac120005687463""}]"
ObjectId(575d73fc1e838700114d5e92),"","[{""$oid"":""575c6666cb4d3f00055cca42""},{""$oid"":""575c15557fac12000568747c""},{""$oid"":""575c15557fac120005687461""},{""$oid"":""575c15557fac120005687464""},{""$oid"":""575c15557fac120005687450""},{""$oid"":""575c15557fac120005687475""}]"
ObjectId(575d73fc1e838700114d5e93),"","[{""$oid"":""575c15557fac120005687468""},{""$oid"":""575c15557fac120005687476""},{""$oid"":""575c15557fac120005687474""},{""$oid"":""575c15557fac12000568745f""},{""$oid"":""575c15557fac120005687472""},{""$oid"":""575c15557fac120005687467""}]"
ObjectId(575d73fc1e838700114d5e94),"","[{""$oid"":""575c15557fac120005687460""},{""$oid"":""575c15557fac120005687454""},{""$oid"":""575c15557fac12000568746b""},{""$oid"":""575c15557fac120005687469""},{""$oid"":""575c15557fac12000568744d""},{""$oid"":""575c15557fac120005687465""}]"
ObjectId(575d73fc1e838700114d5e95),"","[{""$oid"":""575c15557fac120005687471""},{""$oid"":""575c15557fac120005687473""},{""$oid"":""575c15557fac120005687453""},{""$oid"":""575c15557fac120005687478""},{""$oid"":""575c15557fac120005687452""},{""$oid"":""575c15557fac12000568745d""}]"
ObjectId(575d73fc1e838700114d5e96),"","[{""$oid"":""575c6666cb4d3f00055cca43""},{""$oid"":""575c15557fac12000568745b""},{""$oid"":""575c15557fac12000568745c""},{""$oid"":""575c15557fac120005687458""},{""$oid"":""575c15557fac12000568746e""},{""$oid"":""575c15557fac12000568744e""}]"
ObjectId(575d73fc1e838700114d5e97),"","[{""$oid"":""575c15557fac12000568745e""},{""$oid"":""575c15557fac12000568744f""},{""$oid"":""575c15557fac120005687459""},{""$oid"":""575c15557fac120005687466""},{""$oid"":""575c15557fac12000568746c""},{""$oid"":""575c15557fac120005687457""}]"
ObjectId(575d73fc1e838700114d5e98),"","[{""$oid"":""575c15557fac12000568746a""},{""$oid"":""575c15557fac12000568746f""},{""$oid"":""575c15547fac12000568744b""},{""$oid"":""575c15557fac12000568745a""},{""$oid"":""575c15557fac12000568747b""},{""$oid"":""575c15557fac120005687462""}]"
ObjectId(575d73fc1e838700114d5e99),"","[{""$oid"":""575c15557fac120005687470""},{""$oid"":""575c15557fac12000568747a""},{""$oid"":""575c15557fac120005687451""},{""$oid"":""575c15557fac12000568746d""},{""$oid"":""575c15547fac12000568744c""},{""$oid"":""575c15557fac120005687477""}]"
ObjectId(575d73fc1e838700114d5e9a),"","[{""$oid"":""575c15557fac120005687479""},{""$oid"":""575c15557fac120005687463""},{""$oid"":""575c6666cb4d3f00055cca42""},{""$oid"":""575c15557fac12000568747c""},{""$oid"":""575c15557fac120005687461""},{""$oid"":""575c15557fac120005687464""}]"
ObjectId(575d73fc1e838700114d5e9b),"","[{""$oid"":""575c15557fac120005687450""},{""$oid"":""575c15557fac120005687475""},{""$oid"":""575c15557fac120005687468""},{""$oid"":""575c15557fac120005687476""},{""$oid"":""575c15557fac120005687474""},{""$oid"":""575c15557fac12000568745f""}]"
ObjectId(575d73fc1e838700114d5e9c),"","[{""$oid"":""575c15557fac120005687472""},{""$oid"":""575c15557fac120005687467""},{""$oid"":""575c15557fac120005687460""},{""$oid"":""575c15557fac120005687454""},{""$oid"":""575c15557fac12000568746b""},{""$oid"":""575c15557fac120005687469""}]"
ObjectId(575d73fc1e838700114d5e9d),"","[{""$oid"":""575c15557fac12000568744d""},{""$oid"":""575c15557fac120005687465""},{""$oid"":""575c15557fac120005687471""},{""$oid"":""575c15557fac120005687473""},{""$oid"":""575c15557fac120005687453""},{""$oid"":""575c15557fac120005687478""}]"
ObjectId(575d73fc1e838700114d5e9e),"","[{""$oid"":""575c15557fac120005687452""},{""$oid"":""575c15557fac12000568745d""},{""$oid"":""575c6666cb4d3f00055cca43""},{""$oid"":""575c15557fac12000568745b""},{""$oid"":""575c15557fac12000568745c""},{""$oid"":""575c15557fac120005687458""}]"
ObjectId(575d73fc1e838700114d5e9f),"","[{""$oid"":""575c15557fac12000568746e""},{""$oid"":""575c15557fac12000568744e""},{""$oid"":""575c15557fac12000568745e""},{""$oid"":""575c15557fac12000568744f""},{""$oid"":""575c15557fac120005687459""},{""$oid"":""575c15557fac120005687466""}]"
ObjectId(575d73fc1e838700114d5ea0),"","[{""$oid"":""575c15557fac12000568746c""},{""$oid"":""575c15557fac120005687457""},{""$oid"":""575c15557fac12000568746a""},{""$oid"":""575c15557fac12000568746f""},{""$oid"":""575c15547fac12000568744b""},{""$oid"":""575c15557fac12000568745a""}]"
ObjectId(575d74011e838700114d5ea1),"","[{""$oid"":""575c15557fac12000568747b""},{""$oid"":""575c15557fac120005687462""},{""$oid"":""575c15557fac120005687470""},{""$oid"":""575c15557fac12000568747a""},{""$oid"":""575c15557fac120005687451""},{""$oid"":""575c15557fac12000568746d""}]"
ObjectId(575d74011e838700114d5ea2),"","[{""$oid"":""575c15547fac12000568744c""},{""$oid"":""575c15557fac120005687477""},{""$oid"":""575c15557fac120005687479""},{""$oid"":""575c15557fac120005687463""},{""$oid"":""575c6666cb4d3f00055cca42""},{""$oid"":""575c15557fac12000568747c""}]"
ObjectId(575d74011e838700114d5ea3),"","[{""$oid"":""575c15557fac120005687461""},{""$oid"":""575c15557fac120005687464""},{""$oid"":""575c15557fac120005687450""},{""$oid"":""575c15557fac120005687475""},{""$oid"":""575c15557fac120005687468""},{""$oid"":""575c15557fac120005687476""}]"
ObjectId(575d74011e838700114d5ea4),"","[{""$oid"":""575c15557fac120005687474""},{""$oid"":""575c15557fac12000568745f""},{""$oid"":""575c15557fac120005687472""},{""$oid"":""575c15557fac120005687467""},{""$oid"":""575c15557fac120005687460""},{""$oid"":""575c15557fac120005687454""}]"
ObjectId(575d74011e838700114d5ea5),"","[{""$oid"":""575c15557fac12000568746b""},{""$oid"":""575c15557fac120005687469""},{""$oid"":""575c15557fac12000568744d""},{""$oid"":""575c15557fac120005687465""},{""$oid"":""575c15557fac120005687471""},{""$oid"":""575c15557fac120005687473""}]"
ObjectId(575d74011e838700114d5ea6),"","[{""$oid"":""575c15557fac120005687453""},{""$oid"":""575c15557fac120005687478""},{""$oid"":""575c15557fac120005687452""},{""$oid"":""575c15557fac12000568745d""},{""$oid"":""575c6666cb4d3f00055cca43""},{""$oid"":""575c15557fac12000568745b""}]"
ObjectId(575d74011e838700114d5ea7),"","[{""$oid"":""575c15557fac12000568745c""},{""$oid"":""575c15557fac120005687458""},{""$oid"":""575c15557fac12000568746e""},{""$oid"":""575c15557fac12000568744e""},{""$oid"":""575c15557fac12000568745e""},{""$oid"":""575c15557fac12000568744f""}]"
ObjectId(575d74011e838700114d5ea8),"","[{""$oid"":""575c15557fac120005687459""},{""$oid"":""575c15557fac120005687466""},{""$oid"":""575c15557fac12000568746c""},{""$oid"":""575c15557fac120005687457""},{""$oid"":""575c15557fac12000568746a""},{""$oid"":""575c15557fac12000568746f""}]"
ObjectId(575d74021e838700114d5ea9),"","[{""$oid"":""575c15547fac12000568744b""},{""$oid"":""575c15557fac12000568745a""},{""$oid"":""575c15557fac12000568747b""},{""$oid"":""575c15557fac120005687462""},{""$oid"":""575c15557fac120005687470""},{""$oid"":""575c15557fac12000568747a""}]"
ObjectId(575d74021e838700114d5eaa),"","[{""$oid"":""575c15557fac120005687451""},{""$oid"":""575c15557fac12000568746d""},{""$oid"":""575c15547fac12000568744c""},{""$oid"":""575c15557fac120005687477""},{""$oid"":""575c15557fac120005687479""},{""$oid"":""575c15557fac120005687463""}]"
ObjectId(575d74021e838700114d5eab),"","[{""$oid"":""575c6666cb4d3f00055cca42""},{""$oid"":""575c15557fac12000568747c""},{""$oid"":""575c15557fac120005687461""},{""$oid"":""575c15557fac120005687464""},{""$oid"":""575c15557fac120005687450""},{""$oid"":""575c15557fac120005687475""}]"
ObjectId(575d74021e838700114d5eac),"","[{""$oid"":""575c15557fac120005687468""},{""$oid"":""575c15557fac120005687476""},{""$oid"":""575c15557fac120005687474""},{""$oid"":""575c15557fac12000568745f""},{""$oid"":""575c15557fac120005687472""},{""$oid"":""575c15557fac120005687467""}]"
ObjectId(575d74021e838700114d5ead),"","[{""$oid"":""575c15557fac120005687460""},{""$oid"":""575c15557fac120005687454""},{""$oid"":""575c15557fac12000568746b""},{""$oid"":""575c15557fac120005687469""},{""$oid"":""575c15557fac12000568744d""},{""$oid"":""575c15557fac120005687465""}]"
ObjectId(575d74021e838700114d5eae),"","[{""$oid"":""575c15557fac120005687471""},{""$oid"":""575c15557fac120005687473""},{""$oid"":""575c15557fac120005687453""},{""$oid"":""575c15557fac120005687478""},{""$oid"":""575c15557fac120005687452""},{""$oid"":""575c15557fac12000568745d""}]"
ObjectId(575d74021e838700114d5eaf),"","[{""$oid"":""575c6666cb4d3f00055cca43""},{""$oid"":""575c15557fac12000568745b""},{""$oid"":""575c15557fac12000568745c""},{""$oid"":""575c15557fac120005687458""},{""$oid"":""575c15557fac12000568746e""},{""$oid"":""575c15557fac12000568744e""}]"
ObjectId(575d74021e838700114d5eb0),"","[{""$oid"":""575c15557fac12000568745e""},{""$oid"":""575c15557fac12000568744f""},{""$oid"":""575c15557fac120005687459""},{""$oid"":""575c15557fac120005687466""},{""$oid"":""575c15557fac12000568746c""},{""$oid"":""575c15557fac120005687457""}]"
ObjectId(575d74021e838700114d5eb1),"","[{""$oid"":""575c15557fac12000568746a""},{""$oid"":""575c15557fac12000568746f""},{""$oid"":""575c15547fac12000568744b""},{""$oid"":""575c15557fac12000568745a""},{""$oid"":""575c15557fac12000568747b""},{""$oid"":""575c15557fac120005687462""}]"
ObjectId(575d74021e838700114d5eb2),"","[{""$oid"":""575c15557fac120005687470""},{""$oid"":""575c15557fac12000568747a""},{""$oid"":""575c15557fac120005687451""},{""$oid"":""575c15557fac12000568746d""},{""$oid"":""575c15547fac12000568744c""},{""$oid"":""575c15557fac120005687477""}]"
ObjectId(575d74021e838700114d5eb3),"","[{""$oid"":""575c15557fac120005687479""},{""$oid"":""575c15557fac120005687463""},{""$oid"":""575c6666cb4d3f00055cca42""},{""$oid"":""575c15557fac12000568747c""},{""$oid"":""575c15557fac120005687461""},{""$oid"":""575c15557fac120005687464""}]"
ObjectId(575d74021e838700114d5eb4),"","[{""$oid"":""575c15557fac120005687450""},{""$oid"":""575c15557fac120005687475""},{""$oid"":""575c15557fac120005687468""},{""$oid"":""575c15557fac120005687476""},{""$oid"":""575c15557fac120005687474""},{""$oid"":""575c15557fac12000568745f""}]"
ObjectId(575d74021e838700114d5eb5),"","[{""$oid"":""575c15557fac120005687472""},{""$oid"":""575c15557fac120005687467""},{""$oid"":""575c15557fac120005687460""},{""$oid"":""575c15557fac120005687454""},{""$oid"":""575c15557fac12000568746b""},{""$oid"":""575c15557fac120005687469""}]"
ObjectId(575d74021e838700114d5eb6),"","[{""$oid"":""575c15557fac12000568744d""},{""$oid"":""575c15557fac120005687465""},{""$oid"":""575c15557fac120005687471""},{""$oid"":""575c15557fac120005687473""},{""$oid"":""575c15557fac120005687453""},{""$oid"":""575c15557fac120005687478""}]"
